{
	"phonebooks":
	[
		{
			"id": 10001,
			"username": "Trương Triệu Thị Trang",
			"avarta": "10001.jpg",
			"email": "trươngtrieuthitrang@gmail.com",
			"phonenumber": [
				"057365250041",
				"072731593078",
				"044422794955"
			]
		},
		{
			"id": 10002,
			"username": "Trương Duy Trí",
			"avarta": "10002.jpg",
			"email": "trươngduytri@gmail.com",
			"phonenumber": [
				"017751209785",
				"028778589410",
				"083851093267"
			]
		},
		{
			"id": 10003,
			"username": "Lê Trung Hạnh",
			"avarta": "10003.jpg",
			"email": "letrunghanh@gmail.com",
			"phonenumber": [
				"060775298868",
				"066558433317",
				"034871560629"
			]
		},
		{
			"id": 10004,
			"username": "Cao Viết Duyên",
			"avarta": "10004.jpg",
			"email": "caovietduyen@gmail.com",
			"phonenumber": [
				"074664561376",
				"037775212704",
				"011264298760"
			]
		},
		{
			"id": 10005,
			"username": "Chung Duy Khôi",
			"avarta": "10005.jpg",
			"email": "chungduykhoi@gmail.com",
			"phonenumber": [
				"000629299119",
				"039914102265",
				"067655567827"
			]
		},
		{
			"id": 10006,
			"username": "Hà Tiến Hảo",
			"avarta": "10006.jpg",
			"email": "hatienhao@gmail.com",
			"phonenumber": [
				"048917506006",
				"099164598375",
				"095951028427"
			]
		},
		{
			"id": 10007,
			"username": "Chung Tiến Lâm",
			"avarta": "10007.jpg",
			"email": "chungtienlam@gmail.com",
			"phonenumber": [
				"046486877370",
				"009075589381",
				"062749418078"
			]
		},
		{
			"id": 10008,
			"username": "Trương Thị Mộng Đức",
			"avarta": "10008.jpg",
			"email": "trươngthimongduc@gmail.com",
			"phonenumber": [
				"064224205309",
				"054055077732",
				"099065999793"
			]
		},
		{
			"id": 10009,
			"username": "Trần Hoàng Nam",
			"avarta": "10009.jpg",
			"email": "tranhoangnam@gmail.com",
			"phonenumber": [
				"084696400152",
				"022573177395",
				"095298654236"
			]
		},
		{
			"id": 10010,
			"username": "Mai Duy Linh",
			"avarta": "10010.jpg",
			"email": "maiduylinh@gmail.com",
			"phonenumber": [
				"080506962915",
				"057431381647",
				"098228771552"
			]
		},
		{
			"id": 10011,
			"username": "Thái Nguyên An",
			"avarta": "10011.jpg",
			"email": "thainguyenan@gmail.com",
			"phonenumber": [
				"043967157895",
				"070784409899",
				"024560980058"
			]
		},
		{
			"id": 10012,
			"username": "Hà Mai Trân",
			"avarta": "10012.jpg",
			"email": "hamaitran@gmail.com",
			"phonenumber": [
				"002333949408",
				"084226574057",
				"012384816953"
			]
		},
		{
			"id": 10013,
			"username": "Thái Hoàng Nam",
			"avarta": "10013.jpg",
			"email": "thaihoangnam@gmail.com",
			"phonenumber": [
				"068298357182",
				"076572981584",
				"048936298233"
			]
		},
		{
			"id": 10014,
			"username": "Bùi Trọng Đạt Mỹ",
			"avarta": "10014.jpg",
			"email": "buitrongdatmy@gmail.com",
			"phonenumber": [
				"056400019703",
				"060545148304",
				"065495057460"
			]
		},
		{
			"id": 10015,
			"username": "Thạch Vũ Quốc Châu",
			"avarta": "10015.jpg",
			"email": "thachvuquocchau@gmail.com",
			"phonenumber": [
				"019217840164",
				"051628015577",
				"067910893682"
			]
		},
		{
			"id": 10016,
			"username": "Mai Văn Hùng Thắng",
			"avarta": "10016.jpg",
			"email": "maivanhungthang@gmail.com",
			"phonenumber": [
				"087190734020",
				"079834329740",
				"093840361003"
			]
		},
		{
			"id": 10017,
			"username": "Mai Hùng Khánh",
			"avarta": "10017.jpg",
			"email": "maihungkhanh@gmail.com",
			"phonenumber": [
				"003745372771",
				"052854305576",
				"076257310222"
			]
		},
		{
			"id": 10018,
			"username": "Chung Mai Phong",
			"avarta": "10018.jpg",
			"email": "chungmaiphong@gmail.com",
			"phonenumber": [
				"031388710552",
				"018182557050",
				"040870223882"
			]
		},
		{
			"id": 10019,
			"username": "Chung Quỳnh Khương",
			"avarta": "10019.jpg",
			"email": "chungquynhkhuong@gmail.com",
			"phonenumber": [
				"002925469382",
				"060217560251",
				"006206718541"
			]
		},
		{
			"id": 10020,
			"username": "Nguyễn Văn Hùng Bảo",
			"avarta": "10020.jpg",
			"email": "nguyenvanhungbao@gmail.com",
			"phonenumber": [
				"027871383846",
				"002461164434",
				"093311402390"
			]
		},
		{
			"id": 10021,
			"username": "Lê Đức Chiến",
			"avarta": "10021.jpg",
			"email": "leducchien@gmail.com",
			"phonenumber": [
				"039129488821",
				"026986156782",
				"065086488499"
			]
		},
		{
			"id": 10022,
			"username": "Bùi Hoàng Thông Lâm",
			"avarta": "10022.jpg",
			"email": "buihoangthonglam@gmail.com",
			"phonenumber": [
				"063525891168",
				"090198724935",
				"098697921489"
			]
		},
		{
			"id": 10023,
			"username": "Hồ Nguyên Minh",
			"avarta": "10023.jpg",
			"email": "honguyenminh@gmail.com",
			"phonenumber": [
				"072094131448",
				"037361045048",
				"073112605826"
			]
		},
		{
			"id": 10024,
			"username": "Hà Thị Mộng Thông",
			"avarta": "10024.jpg",
			"email": "hathimongthong@gmail.com",
			"phonenumber": [
				"054684687244",
				"018108444942",
				"025519225282"
			]
		},
		{
			"id": 10025,
			"username": "Bùi Quỳnh Khánh",
			"avarta": "10025.jpg",
			"email": "buiquynhkhanh@gmail.com",
			"phonenumber": [
				"083798565358",
				"097998421675",
				"097987125613"
			]
		},
		{
			"id": 10026,
			"username": "Huỳnh Bảo Mỹ",
			"avarta": "10026.jpg",
			"email": "huynhbaomy@gmail.com",
			"phonenumber": [
				"028966852323",
				"088436796467",
				"036167421367"
			]
		},
		{
			"id": 10027,
			"username": "Trần Ngọc Thắng",
			"avarta": "10027.jpg",
			"email": "tranngocthang@gmail.com",
			"phonenumber": [
				"019629581006",
				"008304218875",
				"069994162487"
			]
		},
		{
			"id": 10028,
			"username": "Mai Hoàng Hoàng",
			"avarta": "10028.jpg",
			"email": "maihoanghoang@gmail.com",
			"phonenumber": [
				"069604944832",
				"028417532715",
				"003671393212"
			]
		},
		{
			"id": 10029,
			"username": "Lê Anh Mỹ",
			"avarta": "10029.jpg",
			"email": "leanhmy@gmail.com",
			"phonenumber": [
				"051219501408",
				"084009973758",
				"009381044976"
			]
		},
		{
			"id": 10030,
			"username": "Võ Tiến Đạt",
			"avarta": "10030.jpg",
			"email": "votiendat@gmail.com",
			"phonenumber": [
				"045404919420",
				"067370704801",
				"069156406042"
			]
		},
		{
			"id": 10031,
			"username": "Châu Vũ Quốc Hảo",
			"avarta": "10031.jpg",
			"email": "chauvuquochao@gmail.com",
			"phonenumber": [
				"019792785869",
				"037391340379",
				"087521354142"
			]
		},
		{
			"id": 10032,
			"username": "Hồ Viết Như",
			"avarta": "10032.jpg",
			"email": "hovietnhu@gmail.com",
			"phonenumber": [
				"037353313209",
				"056968106002",
				"023474509419"
			]
		},
		{
			"id": 10033,
			"username": "Chung Viết Hùng",
			"avarta": "10033.jpg",
			"email": "chungviethung@gmail.com",
			"phonenumber": [
				"002904679875",
				"008054031961",
				"015562610068"
			]
		},
		{
			"id": 10034,
			"username": "Chung Hạ Chi",
			"avarta": "10034.jpg",
			"email": "chunghachi@gmail.com",
			"phonenumber": [
				"089900290004",
				"009946327933",
				"060727827487"
			]
		},
		{
			"id": 10035,
			"username": "Đinh Vũ Quốc Tường",
			"avarta": "10035.jpg",
			"email": "dinhvuquoctuong@gmail.com",
			"phonenumber": [
				"080414637639",
				"044822648426",
				"072074111676"
			]
		},
		{
			"id": 10036,
			"username": "Trần Hữu Trí",
			"avarta": "10036.jpg",
			"email": "tranhuutri@gmail.com",
			"phonenumber": [
				"090669585438",
				"092136320460",
				"049566255789"
			]
		},
		{
			"id": 10037,
			"username": "Bùi Quỳnh Cường",
			"avarta": "10037.jpg",
			"email": "buiquynhcuong@gmail.com",
			"phonenumber": [
				"093723235520",
				"058864588504",
				"033605126625"
			]
		},
		{
			"id": 10038,
			"username": "Cao Văn Hùng Thảo",
			"avarta": "10038.jpg",
			"email": "caovanhungthao@gmail.com",
			"phonenumber": [
				"083119756863",
				"058379624388",
				"077385251514"
			]
		},
		{
			"id": 10039,
			"username": "Đinh Thụy Đạt",
			"avarta": "10039.jpg",
			"email": "dinhthuydat@gmail.com",
			"phonenumber": [
				"069680058295",
				"003043371812",
				"089326190268"
			]
		},
		{
			"id": 10040,
			"username": "Nguyễn Triệu Thị Phong",
			"avarta": "10040.jpg",
			"email": "nguyentrieuthiphong@gmail.com",
			"phonenumber": [
				"005193332427",
				"047811762606",
				"058910403460"
			]
		},
		{
			"id": 10041,
			"username": "Chung Đức Phong",
			"avarta": "10041.jpg",
			"email": "chungducphong@gmail.com",
			"phonenumber": [
				"073526233431",
				"033526235753",
				"097385929406"
			]
		},
		{
			"id": 10042,
			"username": "Đinh Nguyên Thảo",
			"avarta": "10042.jpg",
			"email": "dinhnguyenthao@gmail.com",
			"phonenumber": [
				"088637311115",
				"021156682066",
				"065581103231"
			]
		},
		{
			"id": 10043,
			"username": "Nguyễn Đức Nam",
			"avarta": "10043.jpg",
			"email": "nguyenducnam@gmail.com",
			"phonenumber": [
				"065347403961",
				"045352191612",
				"022344099793"
			]
		},
		{
			"id": 10044,
			"username": "Lê Hoàng Hùng",
			"avarta": "10044.jpg",
			"email": "lehoanghung@gmail.com",
			"phonenumber": [
				"054135495228",
				"080723817879",
				"058033645313"
			]
		},
		{
			"id": 10045,
			"username": "Võ Tiến Duyên",
			"avarta": "10045.jpg",
			"email": "votienduyen@gmail.com",
			"phonenumber": [
				"067445985249",
				"039180878651",
				"089826857956"
			]
		},
		{
			"id": 10046,
			"username": "Hà Thị Như",
			"avarta": "10046.jpg",
			"email": "hathinhu@gmail.com",
			"phonenumber": [
				"061982475088",
				"052714544933",
				"097561676939"
			]
		},
		{
			"id": 10047,
			"username": "Cao Vũ Quốc Toàn",
			"avarta": "10047.jpg",
			"email": "caovuquoctoan@gmail.com",
			"phonenumber": [
				"058162050752",
				"058871341555",
				"066314380913"
			]
		},
		{
			"id": 10048,
			"username": "Nguyễn Duy Quang",
			"avarta": "10048.jpg",
			"email": "nguyenduyquang@gmail.com",
			"phonenumber": [
				"063727847398",
				"076403478082",
				"079550689352"
			]
		},
		{
			"id": 10049,
			"username": "Võ Ngọc Hảo",
			"avarta": "10049.jpg",
			"email": "vongochao@gmail.com",
			"phonenumber": [
				"008989585934",
				"061483960803",
				"006622259169"
			]
		},
		{
			"id": 10050,
			"username": "Bùi Trọng Đạt Thư",
			"avarta": "10050.jpg",
			"email": "buitrongdatthu@gmail.com",
			"phonenumber": [
				"006903503957",
				"001664919635",
				"009802897297"
			]
		},
		{
			"id": 10051,
			"username": "Huỳnh Triệu Thị Khánh",
			"avarta": "10051.jpg",
			"email": "huynhtrieuthikhanh@gmail.com",
			"phonenumber": [
				"058080470379",
				"068691385941",
				"086488451581"
			]
		},
		{
			"id": 10052,
			"username": "Hồ Thị Cường",
			"avarta": "10052.jpg",
			"email": "hothicuong@gmail.com",
			"phonenumber": [
				"081216228160",
				"048435147358",
				"006043839318"
			]
		},
		{
			"id": 10053,
			"username": "Hà Thụy Khương",
			"avarta": "10053.jpg",
			"email": "hathuykhuong@gmail.com",
			"phonenumber": [
				"007316654601",
				"067128959265",
				"076007874243"
			]
		},
		{
			"id": 10054,
			"username": "Lê Đức Duyên",
			"avarta": "10054.jpg",
			"email": "leducduyen@gmail.com",
			"phonenumber": [
				"026571863789",
				"004024240335",
				"017039651462"
			]
		},
		{
			"id": 10055,
			"username": "Huỳnh Đức Hằng",
			"avarta": "10055.jpg",
			"email": "huynhduchang@gmail.com",
			"phonenumber": [
				"047066460331",
				"079748679970",
				"065177082644"
			]
		},
		{
			"id": 10056,
			"username": "Hồ Ngọc Bảo",
			"avarta": "10056.jpg",
			"email": "hongocbao@gmail.com",
			"phonenumber": [
				"011830363203",
				"032975088640",
				"054360220554"
			]
		},
		{
			"id": 10057,
			"username": "Hồ Thành Thông",
			"avarta": "10057.jpg",
			"email": "hothanhthong@gmail.com",
			"phonenumber": [
				"021266180890",
				"047586949341",
				"049623778690"
			]
		},
		{
			"id": 10058,
			"username": "Hà Hoàng Thông Bảo",
			"avarta": "10058.jpg",
			"email": "hahoangthongbao@gmail.com",
			"phonenumber": [
				"037348781104",
				"008727378425",
				"049018465919"
			]
		},
		{
			"id": 10059,
			"username": "Cao Duy Trang",
			"avarta": "10059.jpg",
			"email": "caoduytrang@gmail.com",
			"phonenumber": [
				"035203623393",
				"011178354893",
				"061725299446"
			]
		},
		{
			"id": 10060,
			"username": "Bùi Trung Khánh",
			"avarta": "10060.jpg",
			"email": "buitrungkhanh@gmail.com",
			"phonenumber": [
				"002697375267",
				"022436038903",
				"006236216245"
			]
		},
		{
			"id": 10061,
			"username": "Trương Ngọc Nhung",
			"avarta": "10061.jpg",
			"email": "trươngngocnhung@gmail.com",
			"phonenumber": [
				"035723821841",
				"054416781440",
				"062919185862"
			]
		},
		{
			"id": 10062,
			"username": "Hồ Bảo Khoa",
			"avarta": "10062.jpg",
			"email": "hobaokhoa@gmail.com",
			"phonenumber": [
				"056579800404",
				"070488642194",
				"055375901938"
			]
		},
		{
			"id": 10063,
			"username": "Võ Nguyên Khánh",
			"avarta": "10063.jpg",
			"email": "vonguyenkhanh@gmail.com",
			"phonenumber": [
				"078765876273",
				"057546560083",
				"029549198200"
			]
		},
		{
			"id": 10064,
			"username": "Hà Thị Mộng Trang",
			"avarta": "10064.jpg",
			"email": "hathimongtrang@gmail.com",
			"phonenumber": [
				"050008568513",
				"045990973312",
				"065526540087"
			]
		},
		{
			"id": 10065,
			"username": "Vũ Triệu Thị Khang",
			"avarta": "10065.jpg",
			"email": "vutrieuthikhang@gmail.com",
			"phonenumber": [
				"016943715856",
				"091740426483",
				"057106132388"
			]
		},
		{
			"id": 10066,
			"username": "Chung Phước Cao Thái",
			"avarta": "10066.jpg",
			"email": "chungphuoccaothai@gmail.com",
			"phonenumber": [
				"021665254998",
				"082117161952",
				"082445877334"
			]
		},
		{
			"id": 10067,
			"username": "Trần Mai Hiếu",
			"avarta": "10067.jpg",
			"email": "tranmaihieu@gmail.com",
			"phonenumber": [
				"055197922746",
				"052730000532",
				"050858070303"
			]
		},
		{
			"id": 10068,
			"username": "Võ Thành Hằng",
			"avarta": "10068.jpg",
			"email": "vothanhhang@gmail.com",
			"phonenumber": [
				"051065343808",
				"048704087169",
				"015802796975"
			]
		},
		{
			"id": 10069,
			"username": "Đinh Phước Cao Hạnh",
			"avarta": "10069.jpg",
			"email": "dinhphuoccaohanh@gmail.com",
			"phonenumber": [
				"083504968215",
				"066511817184",
				"048956226139"
			]
		},
		{
			"id": 10070,
			"username": "Huỳnh Thụy Hương",
			"avarta": "10070.jpg",
			"email": "huynhthuyhuong@gmail.com",
			"phonenumber": [
				"042955673198",
				"092633003804",
				"075085256075"
			]
		},
		{
			"id": 10071,
			"username": "Bùi Quỳnh Chiến",
			"avarta": "10071.jpg",
			"email": "buiquynhchien@gmail.com",
			"phonenumber": [
				"084984149172",
				"003519955916",
				"023136770527"
			]
		},
		{
			"id": 10072,
			"username": "Châu Triệu Thị Lâm",
			"avarta": "10072.jpg",
			"email": "chautrieuthilam@gmail.com",
			"phonenumber": [
				"022500203358",
				"068809817439",
				"083774685799"
			]
		},
		{
			"id": 10073,
			"username": "Thái Trọng Đạt An",
			"avarta": "10073.jpg",
			"email": "thaitrongdatan@gmail.com",
			"phonenumber": [
				"073556183605",
				"088126149663",
				"067842763665"
			]
		},
		{
			"id": 10074,
			"username": "Hồ Viết Khánh",
			"avarta": "10074.jpg",
			"email": "hovietkhanh@gmail.com",
			"phonenumber": [
				"079386623528",
				"096011169248",
				"062429951051"
			]
		},
		{
			"id": 10075,
			"username": "Lê Ngọc Khang",
			"avarta": "10075.jpg",
			"email": "lengockhang@gmail.com",
			"phonenumber": [
				"002104318598",
				"014054191090",
				"037372804020"
			]
		},
		{
			"id": 10076,
			"username": "Trần Anh Tân",
			"avarta": "10076.jpg",
			"email": "trananhtan@gmail.com",
			"phonenumber": [
				"073514671731",
				"032848051706",
				"072151771483"
			]
		},
		{
			"id": 10077,
			"username": "Lê Mai An",
			"avarta": "10077.jpg",
			"email": "lemaian@gmail.com",
			"phonenumber": [
				"063064782558",
				"026671746658",
				"090424597510"
			]
		},
		{
			"id": 10078,
			"username": "Thạch Hùng Cường",
			"avarta": "10078.jpg",
			"email": "thachhungcuong@gmail.com",
			"phonenumber": [
				"072048947975",
				"008920628982",
				"016101487380"
			]
		},
		{
			"id": 10079,
			"username": "Hà Ngọc Thảo",
			"avarta": "10079.jpg",
			"email": "hangocthao@gmail.com",
			"phonenumber": [
				"087251030132",
				"051344078389",
				"060522460378"
			]
		},
		{
			"id": 10080,
			"username": "Hồ Tiến Cường",
			"avarta": "10080.jpg",
			"email": "hotiencuong@gmail.com",
			"phonenumber": [
				"051001434184",
				"058763740645",
				"072648603456"
			]
		},
		{
			"id": 10081,
			"username": "Thái Nguyên Hảo",
			"avarta": "10081.jpg",
			"email": "thainguyenhao@gmail.com",
			"phonenumber": [
				"056998567267",
				"081577962332",
				"018280193702"
			]
		},
		{
			"id": 10082,
			"username": "Lê Hoàng Vinh",
			"avarta": "10082.jpg",
			"email": "lehoangvinh@gmail.com",
			"phonenumber": [
				"085419615844",
				"011490793390",
				"074025202868"
			]
		},
		{
			"id": 10083,
			"username": "Châu Duy Nam",
			"avarta": "10083.jpg",
			"email": "chauduynam@gmail.com",
			"phonenumber": [
				"003300439387",
				"069382329624",
				"005172714516"
			]
		},
		{
			"id": 10084,
			"username": "Đinh Nguyên Thái",
			"avarta": "10084.jpg",
			"email": "dinhnguyenthai@gmail.com",
			"phonenumber": [
				"049767602500",
				"028686439811",
				"060094055985"
			]
		},
		{
			"id": 10085,
			"username": "Vũ Vũ Quốc Phương",
			"avarta": "10085.jpg",
			"email": "vuvuquocphuong@gmail.com",
			"phonenumber": [
				"007173884058",
				"006054438400",
				"093764216418"
			]
		},
		{
			"id": 10086,
			"username": "Lê Tiến Trân",
			"avarta": "10086.jpg",
			"email": "letientran@gmail.com",
			"phonenumber": [
				"070014701749",
				"044332314369",
				"023972008594"
			]
		},
		{
			"id": 10087,
			"username": "Nguyễn Thành Chi",
			"avarta": "10087.jpg",
			"email": "nguyenthanhchi@gmail.com",
			"phonenumber": [
				"094225158194",
				"011622089329",
				"023941148345"
			]
		},
		{
			"id": 10088,
			"username": "Thạch Hạ Bảo",
			"avarta": "10088.jpg",
			"email": "thachhabao@gmail.com",
			"phonenumber": [
				"093583214989",
				"095445089238",
				"023553262722"
			]
		},
		{
			"id": 10089,
			"username": "Vũ Phước Cao Tân",
			"avarta": "10089.jpg",
			"email": "vuphuoccaotan@gmail.com",
			"phonenumber": [
				"061274793660",
				"072452588023",
				"023220784246"
			]
		},
		{
			"id": 10090,
			"username": "Chung Quỳnh Hằng",
			"avarta": "10090.jpg",
			"email": "chungquynhhang@gmail.com",
			"phonenumber": [
				"089512010304",
				"031175485723",
				"012527518514"
			]
		},
		{
			"id": 10091,
			"username": "Vũ Hùng Thái",
			"avarta": "10091.jpg",
			"email": "vuhungthai@gmail.com",
			"phonenumber": [
				"005939494628",
				"015251424546",
				"005199494318"
			]
		},
		{
			"id": 10092,
			"username": "Huỳnh Thị Tùng",
			"avarta": "10092.jpg",
			"email": "huynhthitung@gmail.com",
			"phonenumber": [
				"024609965072",
				"008185006979",
				"020132332271"
			]
		},
		{
			"id": 10093,
			"username": "Nguyễn Vũ Quốc Đức",
			"avarta": "10093.jpg",
			"email": "nguyenvuquocduc@gmail.com",
			"phonenumber": [
				"088334687147",
				"088411209551",
				"044102051382"
			]
		},
		{
			"id": 10094,
			"username": "Huỳnh Hoàng Thông Hùng",
			"avarta": "10094.jpg",
			"email": "huynhhoangthonghung@gmail.com",
			"phonenumber": [
				"038174370980",
				"018097131781",
				"057163520687"
			]
		},
		{
			"id": 10095,
			"username": "Bùi Hùng Vinh",
			"avarta": "10095.jpg",
			"email": "buihungvinh@gmail.com",
			"phonenumber": [
				"016881442658",
				"024101015284",
				"043499578508"
			]
		},
		{
			"id": 10096,
			"username": "Nguyễn Hoàng Thông Thảo",
			"avarta": "10096.jpg",
			"email": "nguyenhoangthongthao@gmail.com",
			"phonenumber": [
				"022657727538",
				"030088262872",
				"010698646137"
			]
		},
		{
			"id": 10097,
			"username": "Thái Bảo Khang",
			"avarta": "10097.jpg",
			"email": "thaibaokhang@gmail.com",
			"phonenumber": [
				"035366358276",
				"087633886830",
				"060542814593"
			]
		},
		{
			"id": 10098,
			"username": "Đinh Tiến Tân",
			"avarta": "10098.jpg",
			"email": "dinhtientan@gmail.com",
			"phonenumber": [
				"063590481485",
				"011101775391",
				"029315750392"
			]
		},
		{
			"id": 10099,
			"username": "Chung Đức Tường",
			"avarta": "10099.jpg",
			"email": "chungductuong@gmail.com",
			"phonenumber": [
				"013508125259",
				"030062091299",
				"080472167622"
			]
		},
		{
			"id": 10100,
			"username": "Nguyễn Hùng Hằng",
			"avarta": "10100.jpg",
			"email": "nguyenhunghang@gmail.com",
			"phonenumber": [
				"075340687007",
				"067868145310",
				"083359979444"
			]
		}
	],
	"total" : 100
}